cluster,Recency,avg_review_score_full,avg_delivery_days,avg_installments,CLV_estimate
0,287.0,3.0,12.0,4.0,71.93343264248705
1,283.0,5.0,10.0,1.0,37.66995466321244
2,93.0,5.0,4.0,1.0,31.81743847150259
3,276.0,3.0,13.0,1.0,39.29276230569948
4,305.0,5.0,10.0,4.0,73.8448445595855
