k,silhouette,davies_bouldin,calinski_harabasz
4,0.22372138337715908,1.429263728780585,11155.520486563722
5,0.2371062068600396,1.3909997101056557,10831.394714530057
6,0.22978457542784295,1.2928146062436767,10641.58390922775
