cluster,Recency,avg_review_score_full,avg_delivery_days,avg_installments,CLV_estimate
0,305.7727651536197,2.905624386539993,13.900210703791458,4.782423097579495,106.97005950334173
1,302.8297357104087,5.0,11.5477161705148,1.0685357605110435,54.366468250944344
2,127.58776677218421,4.567871608972395,3.803465141119588,2.15282004152626,44.90473958677791
3,300.42537662034334,2.8885125929386115,17.326285569699092,1.1644283545486396,57.59941214109354
4,312.4815631508024,4.98323578386668,10.984563904682123,4.878968172947102,128.3033998397451
