k,silhouette,davies_bouldin,calinski_harabasz
4,0.22228677712302197,1.4293171050727373,11073.728023536487
5,0.23571171815051722,1.3942079354777905,10750.434477938095
6,0.22875219943759204,1.2961456242347291,10547.316727145104
