silhouette_score,davies_bouldin_score,calinski_harabasz_score,n_clusters,algorithm
0.3204943214680011,1.281535274393472,18914.25913405597,4,KMeans
0.33740359495454325,1.1177175041676959,20372.38208354787,5,KMeans
0.3496859654317246,0.9956441427551219,20501.495206704163,6,KMeans
0.3385811181559626,1.0046791960994192,21154.566223284186,7,KMeans
0.2504608372651094,1.0601953737656067,21746.973032772876,8,KMeans
